"","filename","text"
"1","/Users/cromanpa/MEGAsync/Packages/MacMini/D-Letters_16-20/Data/1968/txt/1969 IU demands.txt","black students"
"2","/Users/cromanpa/MEGAsync/Packages/MacMini/D-Letters_16-20/Data/1968/txt/1969 IU demands.txt","black students"
"3","/Users/cromanpa/MEGAsync/Packages/MacMini/D-Letters_16-20/Data/1968/txt/1969 IU demands.txt","herby stated"
"4","/Users/cromanpa/MEGAsync/Packages/MacMini/D-Letters_16-20/Data/1968/txt/1969 IU demands.txt","racially discriminatory"
"5","/Users/cromanpa/MEGAsync/Packages/MacMini/D-Letters_16-20/Data/1968/txt/1969 IU demands.txt","discriminatory manner"
"6","/Users/cromanpa/MEGAsync/Packages/MacMini/D-Letters_16-20/Data/1968/txt/1969 IU demands.txt","local restrictions"
"7","/Users/cromanpa/MEGAsync/Packages/MacMini/D-Letters_16-20/Data/1968/txt/1969 IU demands.txt","restrictions exist"
"8","/Users/cromanpa/MEGAsync/Packages/MacMini/D-Letters_16-20/Data/1968/txt/1969 IU demands.txt","local fraternities"
"9","/Users/cromanpa/MEGAsync/Packages/MacMini/D-Letters_16-20/Data/1968/txt/1969 IU demands.txt","local constitution"
"10","/Users/cromanpa/MEGAsync/Packages/MacMini/D-Letters_16-20/Data/1968/txt/1969 IU demands.txt","recruiting plans"
"11","/Users/cromanpa/MEGAsync/Packages/MacMini/D-Letters_16-20/Data/1968/txt/1969 IU demands.txt","black students"
"12","/Users/cromanpa/MEGAsync/Packages/MacMini/D-Letters_16-20/Data/1968/txt/1969 IU demands2.txt","black students"
"13","/Users/cromanpa/MEGAsync/Packages/MacMini/D-Letters_16-20/Data/1968/txt/1969 IU demands2.txt","blak student"
"14","/Users/cromanpa/MEGAsync/Packages/MacMini/D-Letters_16-20/Data/1968/txt/1969 IU demands2.txt","student community"
"15","/Users/cromanpa/MEGAsync/Packages/MacMini/D-Letters_16-20/Data/1968/txt/1969 IU demands2.txt","university's active"
"16","/Users/cromanpa/MEGAsync/Packages/MacMini/D-Letters_16-20/Data/1968/txt/1969 IU demands2.txt","active support"
"17","/Users/cromanpa/MEGAsync/Packages/MacMini/D-Letters_16-20/Data/1968/txt/1969 IU demands2.txt","avowedly racist"
"18","/Users/cromanpa/MEGAsync/Packages/MacMini/D-Letters_16-20/Data/1968/txt/1969 IU demands2.txt","racist fraternities"
"19","/Users/cromanpa/MEGAsync/Packages/MacMini/D-Letters_16-20/Data/1968/txt/1969 IU demands2.txt","repeated demands"
"20","/Users/cromanpa/MEGAsync/Packages/MacMini/D-Letters_16-20/Data/1968/txt/1969 IU demands2.txt","greek system"
"21","/Users/cromanpa/MEGAsync/Packages/MacMini/D-Letters_16-20/Data/1968/txt/1969 IU demands2.txt","system eliminate"
"22","/Users/cromanpa/MEGAsync/Packages/MacMini/D-Letters_16-20/Data/1968/txt/1969 IU demands2.txt","eliminate racially"
"23","/Users/cromanpa/MEGAsync/Packages/MacMini/D-Letters_16-20/Data/1968/txt/1969 IU demands2.txt","racially discriminatory"
"24","/Users/cromanpa/MEGAsync/Packages/MacMini/D-Letters_16-20/Data/1968/txt/1969 IU demands2.txt","discriminatory membership"
"25","/Users/cromanpa/MEGAsync/Packages/MacMini/D-Letters_16-20/Data/1968/txt/1969 IU demands2.txt","membership clauses"
"26","/Users/cromanpa/MEGAsync/Packages/MacMini/D-Letters_16-20/Data/1968/txt/1969 IU demands2.txt","black students"
"27","/Users/cromanpa/MEGAsync/Packages/MacMini/D-Letters_16-20/Data/1968/txt/1969 IU demands2.txt","sweet talking"
"28","/Users/cromanpa/MEGAsync/Packages/MacMini/D-Letters_16-20/Data/1968/txt/1969 IU demands2.txt","facto segregation"
"29","/Users/cromanpa/MEGAsync/Packages/MacMini/D-Letters_16-20/Data/1968/txt/1969 IU demands2.txt","polite hint"
"30","/Users/cromanpa/MEGAsync/Packages/MacMini/D-Letters_16-20/Data/1968/txt/1969 IU demands2.txt","hint whispered"
"31","/Users/cromanpa/MEGAsync/Packages/MacMini/D-Letters_16-20/Data/1968/txt/1969 IU demands2.txt","stahr's ear"
"32","/Users/cromanpa/MEGAsync/Packages/MacMini/D-Letters_16-20/Data/1968/txt/1969 IU demands2.txt","simple demands"
"33","/Users/cromanpa/MEGAsync/Packages/MacMini/D-Letters_16-20/Data/1968/txt/1969 IU demands2.txt","membership clauses"
"34","/Users/cromanpa/MEGAsync/Packages/MacMini/D-Letters_16-20/Data/1968/txt/1969 IU demands2.txt","national constitution"
"35","/Users/cromanpa/MEGAsync/Packages/MacMini/D-Letters_16-20/Data/1968/txt/1969 IU demands2.txt","local clauses"
"36","/Users/cromanpa/MEGAsync/Packages/MacMini/D-Letters_16-20/Data/1968/txt/1969 IU demands2.txt","membership selection"
"37","/Users/cromanpa/MEGAsync/Packages/MacMini/D-Letters_16-20/Data/1968/txt/1969 IU demands2.txt","notarized statement"
"38","/Users/cromanpa/MEGAsync/Packages/MacMini/D-Letters_16-20/Data/1968/txt/1969 IU demands2.txt","racially discriminatory"
"39","/Users/cromanpa/MEGAsync/Packages/MacMini/D-Letters_16-20/Data/1968/txt/1969 IU demands2.txt","discriminatory clause"
"40","/Users/cromanpa/MEGAsync/Packages/MacMini/D-Letters_16-20/Data/1968/txt/1969 IU demands2.txt","national charter"
"41","/Users/cromanpa/MEGAsync/Packages/MacMini/D-Letters_16-20/Data/1968/txt/1969 IU demands2.txt","pretty bad"
"42","/Users/cromanpa/MEGAsync/Packages/MacMini/D-Letters_16-20/Data/1968/txt/1969 IU demands2.txt","racial justice"
"43","/Users/cromanpa/MEGAsync/Packages/MacMini/D-Letters_16-20/Data/1968/txt/1969 IU demands2.txt","greek bigots"
"44","/Users/cromanpa/MEGAsync/Packages/MacMini/D-Letters_16-20/Data/1968/txt/1969 IU demands2.txt","money raising"
"45","/Users/cromanpa/MEGAsync/Packages/MacMini/D-Letters_16-20/Data/1968/txt/1969 IU demands2.txt","raising ceremonious"
"46","/Users/cromanpa/MEGAsync/Packages/MacMini/D-Letters_16-20/Data/1968/txt/1969 IU demands2.txt","ceremonious bureaucracies"
"47","/Users/cromanpa/MEGAsync/Packages/MacMini/D-Letters_16-20/Data/1968/txt/1969 IU demands2.txt","serving iu"
"48","/Users/cromanpa/MEGAsync/Packages/MacMini/D-Letters_16-20/Data/1968/txt/1969 IU demands2.txt","black students"
"49","/Users/cromanpa/MEGAsync/Packages/MacMini/D-Letters_16-20/Data/1968/txt/1969 IU demands2.txt","track peacefully"
"50","/Users/cromanpa/MEGAsync/Packages/MacMini/D-Letters_16-20/Data/1968/txt/1969 IU demands2.txt","police preferring"
"51","/Users/cromanpa/MEGAsync/Packages/MacMini/D-Letters_16-20/Data/1968/txt/1969 IU demands2.txt","preferring violence"
"52","/Users/cromanpa/MEGAsync/Packages/MacMini/D-Letters_16-20/Data/1968/txt/1969 IU demands2.txt","black students"
"53","/Users/cromanpa/MEGAsync/Packages/MacMini/D-Letters_16-20/Data/1968/txt/1969 IU demands2.txt","black community"
"54","/Users/cromanpa/MEGAsync/Packages/MacMini/D-Letters_16-20/Data/1968/txt/1969 IU demands2.txt","white students"
"55","/Users/cromanpa/MEGAsync/Packages/MacMini/D-Letters_16-20/Data/1968/txt/1969 IU demands2.txt","phoning president"
"56","/Users/cromanpa/MEGAsync/Packages/MacMini/D-Letters_16-20/Data/1968/txt/1969 IU demands2.txt","president stahr"
"57","/Users/cromanpa/MEGAsync/Packages/MacMini/D-Letters_16-20/Data/1968/txt/1969 IU demands2.txt","wick president"
"58","/Users/cromanpa/MEGAsync/Packages/MacMini/D-Letters_16-20/Data/1968/txt/1969 IU demands2.txt","phi kappa"
"59","/Users/cromanpa/MEGAsync/Packages/MacMini/D-Letters_16-20/Data/1968/txt/1969 IU demands2.txt","kappa theta"
"60","/Users/cromanpa/MEGAsync/Packages/MacMini/D-Letters_16-20/Data/1968/txt/1969 IU demands2.txt","theta house"
"61","/Users/cromanpa/MEGAsync/Packages/MacMini/D-Letters_16-20/Data/1968/txt/1969 IU demands2.txt","ui foundation"
"62","/Users/cromanpa/MEGAsync/Packages/MacMini/D-Letters_16-20/Data/1968/txt/1969 IU demands2.txt","students sitting"
"63","/Users/cromanpa/MEGAsync/Packages/MacMini/D-Letters_16-20/Data/1968/txt/1969 IU demands2.txt","food blankets"
"64","/Users/cromanpa/MEGAsync/Packages/MacMini/D-Letters_16-20/Data/1968/txt/1969 IU demands2.txt","street tonight"
"65","/Users/cromanpa/MEGAsync/Packages/MacMini/D-Letters_16-20/Data/1968/txt/1969 IU demands2.txt","black students"
"66","/Users/cromanpa/MEGAsync/Packages/MacMini/D-Letters_16-20/Data/1968/txt/1969 IU demands2.txt","direct action"
"67","/Users/cromanpa/MEGAsync/Packages/MacMini/D-Letters_16-20/Data/1968/txt/1969 IU demands2.txt","white students"
"68","/Users/cromanpa/MEGAsync/Packages/MacMini/D-Letters_16-20/Data/1968/txt/1969 IU demands2.txt","united anti"
"69","/Users/cromanpa/MEGAsync/Packages/MacMini/D-Letters_16-20/Data/1968/txt/1969 IU demands2.txt","anti racist"
"70","/Users/cromanpa/MEGAsync/Packages/MacMini/D-Letters_16-20/Data/1968/txt/1969 IU demands2.txt","racist movement"
"71","/Users/cromanpa/MEGAsync/Packages/MacMini/D-Letters_16-20/Data/1968/txt/1969 IU demands3.txt","student senate"
"72","/Users/cromanpa/MEGAsync/Packages/MacMini/D-Letters_16-20/Data/1968/txt/1969 IU demands3.txt","black population"
"73","/Users/cromanpa/MEGAsync/Packages/MacMini/D-Letters_16-20/Data/1968/txt/1969 IU demands3.txt","voting representative"
"74","/Users/cromanpa/MEGAsync/Packages/MacMini/D-Letters_16-20/Data/1968/txt/1969 IU demands3.txt","ifc panhellenic"
"75","/Users/cromanpa/MEGAsync/Packages/MacMini/D-Letters_16-20/Data/1968/txt/1969 IU demands3.txt","panhellenic aws"
"76","/Users/cromanpa/MEGAsync/Packages/MacMini/D-Letters_16-20/Data/1968/txt/1969 IU demands3.txt","afro afro"
"77","/Users/cromanpa/MEGAsync/Packages/MacMini/D-Letters_16-20/Data/1968/txt/1969 IU demands3.txt","afro american"
"78","/Users/cromanpa/MEGAsync/Packages/MacMini/D-Letters_16-20/Data/1968/txt/1969 IU demands3.txt","american student"
"79","/Users/cromanpa/MEGAsync/Packages/MacMini/D-Letters_16-20/Data/1968/txt/1969 IU demands3.txt","student association"
"80","/Users/cromanpa/MEGAsync/Packages/MacMini/D-Letters_16-20/Data/1968/txt/1969 IU demands3.txt","similarly representative"
"81","/Users/cromanpa/MEGAsync/Packages/MacMini/D-Letters_16-20/Data/1968/txt/1969 IU demands3.txt","black students"
"82","/Users/cromanpa/MEGAsync/Packages/MacMini/D-Letters_16-20/Data/1968/txt/1969 IU demands3.txt","student senate"
"83","/Users/cromanpa/MEGAsync/Packages/MacMini/D-Letters_16-20/Data/1968/txt/1969 IU demands3.txt","student government"
"84","/Users/cromanpa/MEGAsync/Packages/MacMini/D-Letters_16-20/Data/1968/txt/1969 IU demands3.txt","government constitution"
"85","/Users/cromanpa/MEGAsync/Packages/MacMini/D-Letters_16-20/Data/1968/txt/1969 IU demands3.txt","student senate"
"86","/Users/cromanpa/MEGAsync/Packages/MacMini/D-Letters_16-20/Data/1968/txt/1969 IU demands3.txt","student body"
"87","/Users/cromanpa/MEGAsync/Packages/MacMini/D-Letters_16-20/Data/1968/txt/1969 IU demands3.txt","class presidents"
"88","/Users/cromanpa/MEGAsync/Packages/MacMini/D-Letters_16-20/Data/1968/txt/1969 IU demands3.txt","permanent designate"
"89","/Users/cromanpa/MEGAsync/Packages/MacMini/D-Letters_16-20/Data/1968/txt/1969 IU demands3.txt","irha ifc"
"90","/Users/cromanpa/MEGAsync/Packages/MacMini/D-Letters_16-20/Data/1968/txt/1969 IU demands3.txt","ifc panhellenic"
"91","/Users/cromanpa/MEGAsync/Packages/MacMini/D-Letters_16-20/Data/1968/txt/1969 IU demands3.txt","panhellenic aws"
"92","/Users/cromanpa/MEGAsync/Packages/MacMini/D-Letters_16-20/Data/1968/txt/1969 IU demands3.txt","aws married"
"93","/Users/cromanpa/MEGAsync/Packages/MacMini/D-Letters_16-20/Data/1968/txt/1969 IU demands3.txt","married student"
"94","/Users/cromanpa/MEGAsync/Packages/MacMini/D-Letters_16-20/Data/1968/txt/1969 IU demands3.txt","student council"
"95","/Users/cromanpa/MEGAsync/Packages/MacMini/D-Letters_16-20/Data/1968/txt/1969 IU demands3.txt","afro afro"
"96","/Users/cromanpa/MEGAsync/Packages/MacMini/D-Letters_16-20/Data/1968/txt/1969 IU demands3.txt","afro american"
"97","/Users/cromanpa/MEGAsync/Packages/MacMini/D-Letters_16-20/Data/1968/txt/1969 IU demands3.txt","american student"
"98","/Users/cromanpa/MEGAsync/Packages/MacMini/D-Letters_16-20/Data/1968/txt/1969 IU demands3.txt","senators elected"
"99","/Users/cromanpa/MEGAsync/Packages/MacMini/D-Letters_16-20/Data/1968/txt/1969 IU demands3.txt","voting districts"
"100","/Users/cromanpa/MEGAsync/Packages/MacMini/D-Letters_16-20/Data/1968/txt/1969 IU demands3.txt","districts designated"
"101","/Users/cromanpa/MEGAsync/Packages/MacMini/D-Letters_16-20/Data/1968/txt/1969 IU demands3.txt","student senate"
"102","/Users/cromanpa/MEGAsync/Packages/MacMini/D-Letters_16-20/Data/1968/txt/1969 IU demands3.txt","senate legislation"
"103","/Users/cromanpa/MEGAsync/Packages/MacMini/D-Letters_16-20/Data/1968/txt/1969 IU demands3.txt","afro afro"
"104","/Users/cromanpa/MEGAsync/Packages/MacMini/D-Letters_16-20/Data/1968/txt/1969 IU demands3.txt","afro american"
"105","/Users/cromanpa/MEGAsync/Packages/MacMini/D-Letters_16-20/Data/1968/txt/1969 IU demands3.txt","american students"
"106","/Users/cromanpa/MEGAsync/Packages/MacMini/D-Letters_16-20/Data/1968/txt/1969 IU demands3.txt","students association"
"107","/Users/cromanpa/MEGAsync/Packages/MacMini/D-Letters_16-20/Data/1968/txt/1969 IU demands3.txt","married student"
"108","/Users/cromanpa/MEGAsync/Packages/MacMini/D-Letters_16-20/Data/1968/txt/1969 IU demands3.txt","student council"
"109","/Users/cromanpa/MEGAsync/Packages/MacMini/D-Letters_16-20/Data/1968/txt/1969 IU demands3.txt","respectfully submitted"
"110","/Users/cromanpa/MEGAsync/Packages/MacMini/D-Letters_16-20/Data/1968/txt/1969 IU demands4.txt","primary purpose"
"111","/Users/cromanpa/MEGAsync/Packages/MacMini/D-Letters_16-20/Data/1968/txt/1969 IU demands4.txt","raise funds"
"112","/Users/cromanpa/MEGAsync/Packages/MacMini/D-Letters_16-20/Data/1968/txt/1969 IU demands4.txt","iu scholarships"
"113","/Users/cromanpa/MEGAsync/Packages/MacMini/D-Letters_16-20/Data/1968/txt/1969 IU demands4.txt","financially beneficial"
"114","/Users/cromanpa/MEGAsync/Packages/MacMini/D-Letters_16-20/Data/1968/txt/1969 IU demands4.txt","student senate"
"115","/Users/cromanpa/MEGAsync/Packages/MacMini/D-Letters_16-20/Data/1968/txt/1969 IU demands4.txt","iu foundation"
"116","/Users/cromanpa/MEGAsync/Packages/MacMini/D-Letters_16-20/Data/1968/txt/1969 IU demands4.txt","policy change"
"117","/Users/cromanpa/MEGAsync/Packages/MacMini/D-Letters_16-20/Data/1968/txt/1969 IU demands4.txt","scholarship allocation"
"118","/Users/cromanpa/MEGAsync/Packages/MacMini/D-Letters_16-20/Data/1968/txt/1969 IU demands4.txt","negro students"
"119","/Users/cromanpa/MEGAsync/Packages/MacMini/D-Letters_16-20/Data/1968/txt/1969 IU demands4.txt","iu foundation"
"120","/Users/cromanpa/MEGAsync/Packages/MacMini/D-Letters_16-20/Data/1968/txt/1969 IU demands4.txt","iu foundation"
"121","/Users/cromanpa/MEGAsync/Packages/MacMini/D-Letters_16-20/Data/1968/txt/1969 IU demands4.txt","student senate"
"122","/Users/cromanpa/MEGAsync/Packages/MacMini/D-Letters_16-20/Data/1968/txt/1969 IU demands4.txt","funds raised"
"123","/Users/cromanpa/MEGAsync/Packages/MacMini/D-Letters_16-20/Data/1968/txt/1969 IU demands4.txt","iu foundation"
"124","/Users/cromanpa/MEGAsync/Packages/MacMini/D-Letters_16-20/Data/1968/txt/1969 IU demands4.txt","foundation board"
"125","/Users/cromanpa/MEGAsync/Packages/MacMini/D-Letters_16-20/Data/1968/txt/1969 IU demands4.txt","iu foundation"
"126","/Users/cromanpa/MEGAsync/Packages/MacMini/D-Letters_16-20/Data/1968/txt/1969 IU demands4.txt","steering committee"
"127","/Users/cromanpa/MEGAsync/Packages/MacMini/D-Letters_16-20/Data/1968/txt/1969 IU demands4.txt","afro afro"
"128","/Users/cromanpa/MEGAsync/Packages/MacMini/D-Letters_16-20/Data/1968/txt/1969 IU demands4.txt","afro american"
"129","/Users/cromanpa/MEGAsync/Packages/MacMini/D-Letters_16-20/Data/1968/txt/1969 IU demands4.txt","american students"
"130","/Users/cromanpa/MEGAsync/Packages/MacMini/D-Letters_16-20/Data/1968/txt/1969 IU demands4.txt","students association"
"131","/Users/cromanpa/MEGAsync/Packages/MacMini/D-Letters_16-20/Data/1968/txt/1969 IU demands4.txt","respectfully submitted"
"132","/Users/cromanpa/MEGAsync/Packages/MacMini/D-Letters_16-20/Data/1968/txt/1969 IU demands5_.txt","agitator saturday"
"133","/Users/cromanpa/MEGAsync/Packages/MacMini/D-Letters_16-20/Data/1968/txt/1969 IU demands5_.txt","black students"
"134","/Users/cromanpa/MEGAsync/Packages/MacMini/D-Letters_16-20/Data/1968/txt/1969 IU demands5_.txt","students continued"
"135","/Users/cromanpa/MEGAsync/Packages/MacMini/D-Letters_16-20/Data/1968/txt/1969 IU demands5_.txt","anti black"
"136","/Users/cromanpa/MEGAsync/Packages/MacMini/D-Letters_16-20/Data/1968/txt/1969 IU demands5_.txt","anti greek"
"137","/Users/cromanpa/MEGAsync/Packages/MacMini/D-Letters_16-20/Data/1968/txt/1969 IU demands5_.txt","greek racist"
"138","/Users/cromanpa/MEGAsync/Packages/MacMini/D-Letters_16-20/Data/1968/txt/1969 IU demands5_.txt","black students"
"139","/Users/cromanpa/MEGAsync/Packages/MacMini/D-Letters_16-20/Data/1968/txt/1969 IU demands5_.txt","demands racism"
"140","/Users/cromanpa/MEGAsync/Packages/MacMini/D-Letters_16-20/Data/1968/txt/1969 IU demands5_.txt","covert forms"
"141","/Users/cromanpa/MEGAsync/Packages/MacMini/D-Letters_16-20/Data/1968/txt/1969 IU demands5_.txt","greek system"
"142","/Users/cromanpa/MEGAsync/Packages/MacMini/D-Letters_16-20/Data/1968/txt/1969 IU demands5_.txt","legal basis"
"143","/Users/cromanpa/MEGAsync/Packages/MacMini/D-Letters_16-20/Data/1968/txt/1969 IU demands5_.txt","legal sustenance"
"144","/Users/cromanpa/MEGAsync/Packages/MacMini/D-Letters_16-20/Data/1968/txt/1969 IU demands5_.txt","individual attack"
"145","/Users/cromanpa/MEGAsync/Packages/MacMini/D-Letters_16-20/Data/1968/txt/1969 IU demands5_.txt","campus black"
"146","/Users/cromanpa/MEGAsync/Packages/MacMini/D-Letters_16-20/Data/1968/txt/1969 IU demands5_.txt","black students"
"147","/Users/cromanpa/MEGAsync/Packages/MacMini/D-Letters_16-20/Data/1968/txt/1969 IU demands5_.txt","disciplined resistance"
"148","/Users/cromanpa/MEGAsync/Packages/MacMini/D-Letters_16-20/Data/1968/txt/1969 IU demands5_.txt","reigns supreme"
"149","/Users/cromanpa/MEGAsync/Packages/MacMini/D-Letters_16-20/Data/1968/txt/1969 IU demands5_.txt","alumni athletics"
"150","/Users/cromanpa/MEGAsync/Packages/MacMini/D-Letters_16-20/Data/1968/txt/1969 IU demands5_.txt","final article"
"151","/Users/cromanpa/MEGAsync/Packages/MacMini/D-Letters_16-20/Data/1968/txt/1969 IU demands5_.txt","daily student"
"152","/Users/cromanpa/MEGAsync/Packages/MacMini/D-Letters_16-20/Data/1968/txt/1969 IU demands5_.txt","ia compliments"
"153","/Users/cromanpa/MEGAsync/Packages/MacMini/D-Letters_16-20/Data/1968/txt/1969 IU demands5_.txt","daily student"
"154","/Users/cromanpa/MEGAsync/Packages/MacMini/D-Letters_16-20/Data/1968/txt/1969 IU demands5_.txt","fine editorial"
"155","/Users/cromanpa/MEGAsync/Packages/MacMini/D-Letters_16-20/Data/1968/txt/1969 IU demands5_.txt","editorial pages"
"156","/Users/cromanpa/MEGAsync/Packages/MacMini/D-Letters_16-20/Data/1968/txt/1969 IU demands5_.txt","pages produces"
"157","/Users/cromanpa/MEGAsync/Packages/MacMini/D-Letters_16-20/Data/1968/txt/1969 IU demands5_.txt","week articles"
"158","/Users/cromanpa/MEGAsync/Packages/MacMini/D-Letters_16-20/Data/1968/txt/1969 IU demands5_.txt","category included"
"159","/Users/cromanpa/MEGAsync/Packages/MacMini/D-Letters_16-20/Data/1968/txt/1969 IU demands5_.txt","dow demonstration"
"160","/Users/cromanpa/MEGAsync/Packages/MacMini/D-Letters_16-20/Data/1968/txt/1969 IU demands5_.txt","demonstration continuing"
"161","/Users/cromanpa/MEGAsync/Packages/MacMini/D-Letters_16-20/Data/1968/txt/1969 IU demands5_.txt","continuing committee"
"162","/Users/cromanpa/MEGAsync/Packages/MacMini/D-Letters_16-20/Data/1968/txt/1969 IU demands5_.txt","committee report"
"163","/Users/cromanpa/MEGAsync/Packages/MacMini/D-Letters_16-20/Data/1968/txt/1969 IU demands5_.txt","actual criticism"
"164","/Users/cromanpa/MEGAsync/Packages/MacMini/D-Letters_16-20/Data/1968/txt/1969 IU demands5_.txt","i.u foundation"
"165","/Users/cromanpa/MEGAsync/Packages/MacMini/D-Letters_16-20/Data/1968/txt/1969 IU demands5_.txt","campus students"
"166","/Users/cromanpa/MEGAsync/Packages/MacMini/D-Letters_16-20/Data/1968/txt/1969 IU demands5_.txt","mccarthy kennedy"
"167","/Users/cromanpa/MEGAsync/Packages/MacMini/D-Letters_16-20/Data/1968/txt/1969 IU demands5_.txt","afro afro"
"168","/Users/cromanpa/MEGAsync/Packages/MacMini/D-Letters_16-20/Data/1968/txt/1969 IU demands5_.txt","afro american"
"169","/Users/cromanpa/MEGAsync/Packages/MacMini/D-Letters_16-20/Data/1968/txt/1969 IU demands5_.txt","american students"
"170","/Users/cromanpa/MEGAsync/Packages/MacMini/D-Letters_16-20/Data/1968/txt/1969 IU demands5_.txt","students association"
"171","/Users/cromanpa/MEGAsync/Packages/MacMini/D-Letters_16-20/Data/1968/txt/1969 IU demands5_.txt","intelligent criticism"
"172","/Users/cromanpa/MEGAsync/Packages/MacMini/D-Letters_16-20/Data/1968/txt/1969 IU demands5_.txt","administration honor"
"173","/Users/cromanpa/MEGAsync/Packages/MacMini/D-Letters_16-20/Data/1968/txt/1969 IU demands5_.txt","editor balough's"
"174","/Users/cromanpa/MEGAsync/Packages/MacMini/D-Letters_16-20/Data/1968/txt/1969 IU demands5_.txt","balough's resignation"
"175","/Users/cromanpa/MEGAsync/Packages/MacMini/D-Letters_16-20/Data/1968/txt/1969 IU demands5_.txt","pretty poor"
"176","/Users/cromanpa/MEGAsync/Packages/MacMini/D-Letters_16-20/Data/1968/txt/1969 IU demands5_.txt","actual tone"
"177","/Users/cromanpa/MEGAsync/Packages/MacMini/D-Letters_16-20/Data/1968/txt/1969 IU demands5_.txt","accurate picture"
"178","/Users/cromanpa/MEGAsync/Packages/MacMini/D-Letters_16-20/Data/1968/txt/1969 IU demands5_.txt","extensive reporting"
"179","/Users/cromanpa/MEGAsync/Packages/MacMini/D-Letters_16-20/Data/1968/txt/1969 IU demands5_.txt","grass roots"
"180","/Users/cromanpa/MEGAsync/Packages/MacMini/D-Letters_16-20/Data/1968/txt/1969 IU demands5_.txt","roots staff"
"181","/Users/cromanpa/MEGAsync/Packages/MacMini/D-Letters_16-20/Data/1968/txt/1969 IU demands5_.txt","staff levels"
"182","/Users/cromanpa/MEGAsync/Packages/MacMini/D-Letters_16-20/Data/1968/txt/1969 IU demands5_.txt","contribute meaningfully"
"183","/Users/cromanpa/MEGAsync/Packages/MacMini/D-Letters_16-20/Data/1968/txt/1969 IU demands5_.txt","student experience"
"184","/Users/cromanpa/MEGAsync/Packages/MacMini/D-Letters_16-20/Data/1968/txt/1969 IU demands5_.txt","daily student"
"185","/Users/cromanpa/MEGAsync/Packages/MacMini/D-Letters_16-20/Data/1968/txt/1969 IU demands5_.txt","daily administration"
"186","/Users/cromanpa/MEGAsync/Packages/MacMini/D-Letters_16-20/Data/1968/txt/1969 IU demands5.txt","progressive reform"
"187","/Users/cromanpa/MEGAsync/Packages/MacMini/D-Letters_16-20/Data/1968/txt/1969 IU demands5.txt","reform party"
"188","/Users/cromanpa/MEGAsync/Packages/MacMini/D-Letters_16-20/Data/1968/txt/1969 IU demands5.txt","party indiana"
"189","/Users/cromanpa/MEGAsync/Packages/MacMini/D-Letters_16-20/Data/1968/txt/1969 IU demands5.txt","black students"
"190","/Users/cromanpa/MEGAsync/Packages/MacMini/D-Letters_16-20/Data/1968/txt/1969 IU demands5.txt","students realized"
"191","/Users/cromanpa/MEGAsync/Packages/MacMini/D-Letters_16-20/Data/1968/txt/1969 IU demands5.txt","black students"
"192","/Users/cromanpa/MEGAsync/Packages/MacMini/D-Letters_16-20/Data/1968/txt/1969 IU demands5.txt","students found"
"193","/Users/cromanpa/MEGAsync/Packages/MacMini/D-Letters_16-20/Data/1968/txt/1969 IU demands5.txt","extremely effective"
"194","/Users/cromanpa/MEGAsync/Packages/MacMini/D-Letters_16-20/Data/1968/txt/1969 IU demands5.txt","effective pressure"
"195","/Users/cromanpa/MEGAsync/Packages/MacMini/D-Letters_16-20/Data/1968/txt/1969 IU demands5.txt","heavy commitment"
"196","/Users/cromanpa/MEGAsync/Packages/MacMini/D-Letters_16-20/Data/1968/txt/1969 IU demands5.txt","legalized racism"
"197","/Users/cromanpa/MEGAsync/Packages/MacMini/D-Letters_16-20/Data/1968/txt/1969 IU demands5.txt","violent action"
"198","/Users/cromanpa/MEGAsync/Packages/MacMini/D-Letters_16-20/Data/1968/txt/1969 IU demands5.txt","passive resistance"
"199","/Users/cromanpa/MEGAsync/Packages/MacMini/D-Letters_16-20/Data/1968/txt/1969 IU demands5.txt","track forcefully"
"200","/Users/cromanpa/MEGAsync/Packages/MacMini/D-Letters_16-20/Data/1968/txt/1969 IU demands5.txt","daily student"
"201","/Users/cromanpa/MEGAsync/Packages/MacMini/D-Letters_16-20/Data/1968/txt/1969 IU demands5.txt","black students"
"202","/Users/cromanpa/MEGAsync/Packages/MacMini/D-Letters_16-20/Data/1968/txt/1969 IU demands5.txt","students armed"
"203","/Users/cromanpa/MEGAsync/Packages/MacMini/D-Letters_16-20/Data/1968/txt/1969 IU demands5.txt","shields wearing"
"204","/Users/cromanpa/MEGAsync/Packages/MacMini/D-Letters_16-20/Data/1968/txt/1969 IU demands5.txt","wearing motorcycle"
"205","/Users/cromanpa/MEGAsync/Packages/MacMini/D-Letters_16-20/Data/1968/txt/1969 IU demands5.txt","motorcycle helmets"
"206","/Users/cromanpa/MEGAsync/Packages/MacMini/D-Letters_16-20/Data/1968/txt/1969 IU demands5.txt","helmets surrounded"
"207","/Users/cromanpa/MEGAsync/Packages/MacMini/D-Letters_16-20/Data/1968/txt/1969 IU demands5.txt","stakes driven"
"208","/Users/cromanpa/MEGAsync/Packages/MacMini/D-Letters_16-20/Data/1968/txt/1969 IU demands5.txt","track rooting"
"209","/Users/cromanpa/MEGAsync/Packages/MacMini/D-Letters_16-20/Data/1968/txt/1969 IU demands5.txt","rooting barricades"
"210","/Users/cromanpa/MEGAsync/Packages/MacMini/D-Letters_16-20/Data/1968/txt/1969 IU demands5.txt","standing firmly"
"211","/Users/cromanpa/MEGAsync/Packages/MacMini/D-Letters_16-20/Data/1968/txt/1969 IU demands5.txt","completely disciplined"
"212","/Users/cromanpa/MEGAsync/Packages/MacMini/D-Letters_16-20/Data/1968/txt/1969 IU demands5.txt","disciplined protest"
"213","/Users/cromanpa/MEGAsync/Packages/MacMini/D-Letters_16-20/Data/1968/txt/1969 IU demands5.txt","protest action"
"214","/Users/cromanpa/MEGAsync/Packages/MacMini/D-Letters_16-20/Data/1968/txt/1969 IU demands5.txt","directly involved"
"215","/Users/cromanpa/MEGAsync/Packages/MacMini/D-Letters_16-20/Data/1968/txt/1969 IU demands5.txt","violent action"
"216","/Users/cromanpa/MEGAsync/Packages/MacMini/D-Letters_16-20/Data/1968/txt/1969 IU demands5.txt","white sympathizers"
"217","/Users/cromanpa/MEGAsync/Packages/MacMini/D-Letters_16-20/Data/1968/txt/1969 IU demands5.txt","friday night"
"218","/Users/cromanpa/MEGAsync/Packages/MacMini/D-Letters_16-20/Data/1968/txt/1969 IU demands5.txt","proposed action"
"219","/Users/cromanpa/MEGAsync/Packages/MacMini/D-Letters_16-20/Data/1968/txt/1969 IU demands5.txt","people waited"
"220","/Users/cromanpa/MEGAsync/Packages/MacMini/D-Letters_16-20/Data/1968/txt/1969 IU demands5.txt","pouring rain"
"221","/Users/cromanpa/MEGAsync/Packages/MacMini/D-Letters_16-20/Data/1968/txt/1969 IU demands5.txt","rain wondering"
"222","/Users/cromanpa/MEGAsync/Packages/MacMini/D-Letters_16-20/Data/1968/txt/1969 IU demands5.txt","universities response"
"223","/Users/cromanpa/MEGAsync/Packages/MacMini/D-Letters_16-20/Data/1968/txt/1969 IU demands5.txt","najam walked"
"224","/Users/cromanpa/MEGAsync/Packages/MacMini/D-Letters_16-20/Data/1968/txt/1969 IU demands5.txt","consciously political"
"225","/Users/cromanpa/MEGAsync/Packages/MacMini/D-Letters_16-20/Data/1968/txt/1969 IU demands5.txt","political air"
"226","/Users/cromanpa/MEGAsync/Packages/MacMini/D-Letters_16-20/Data/1968/txt/1969 IU demands5.txt","hostile mood"
"227","/Users/cromanpa/MEGAsync/Packages/MacMini/D-Letters_16-20/Data/1968/txt/1969 IU demands5.txt","eleven doan"
"228","/Users/cromanpa/MEGAsync/Packages/MacMini/D-Letters_16-20/Data/1968/txt/1969 IU demands5.txt","doan sutton"
"229","/Users/cromanpa/MEGAsync/Packages/MacMini/D-Letters_16-20/Data/1968/txt/1969 IU demands5.txt","blacks remained"
"230","/Users/cromanpa/MEGAsync/Packages/MacMini/D-Letters_16-20/Data/1968/txt/1969 IU demands5.txt","white occurred"
"231","/Users/cromanpa/MEGAsync/Packages/MacMini/D-Letters_16-20/Data/1968/txt/1969 IU demands5.txt","net afternoon"
"232","/Users/cromanpa/MEGAsync/Packages/MacMini/D-Letters_16-20/Data/1968/txt/1969 IU demands5.txt","raise money"
"233","/Users/cromanpa/MEGAsync/Packages/MacMini/D-Letters_16-20/Data/1968/txt/1969 IU demands5.txt","money secure"
"234","/Users/cromanpa/MEGAsync/Packages/MacMini/D-Letters_16-20/Data/1968/txt/1969 IU demands5.txt","secure food"
"235","/Users/cromanpa/MEGAsync/Packages/MacMini/D-Letters_16-20/Data/1968/txt/1969 IU demands5.txt","distribute leaflets"
"236","/Users/cromanpa/MEGAsync/Packages/MacMini/D-Letters_16-20/Data/1968/txt/1969 IU demands5.txt","leaflets explaining"
"237","/Users/cromanpa/MEGAsync/Packages/MacMini/D-Letters_16-20/Data/1968/txt/1969 IU demands5.txt","campus negotiations"
"238","/Users/cromanpa/MEGAsync/Packages/MacMini/D-Letters_16-20/Data/1968/txt/1969 IU demands5.txt","action occurring"
"239","/Users/cromanpa/MEGAsync/Packages/MacMini/D-Letters_16-20/Data/1968/txt/1969 IU demands5.txt","saturday night"
"240","/Users/cromanpa/MEGAsync/Packages/MacMini/D-Letters_16-20/Data/1968/txt/1969 IU demands5.txt","cool headed"
"241","/Users/cromanpa/MEGAsync/Packages/MacMini/D-Letters_16-20/Data/1968/txt/1969 IU demands5.txt","headed leadership"
"242","/Users/cromanpa/MEGAsync/Packages/MacMini/D-Letters_16-20/Data/1968/txt/1969 IU demands5.txt","black stationed"
"243","/Users/cromanpa/MEGAsync/Packages/MacMini/D-Letters_16-20/Data/1968/txt/1969 IU demands5.txt","stationed sentries"
"244","/Users/cromanpa/MEGAsync/Packages/MacMini/D-Letters_16-20/Data/1968/txt/1969 IU demands5.txt","people challenged"
"245","/Users/cromanpa/MEGAsync/Packages/MacMini/D-Letters_16-20/Data/1968/txt/1969 IU demands5.txt","wore helmets"
"246","/Users/cromanpa/MEGAsync/Packages/MacMini/D-Letters_16-20/Data/1968/txt/1969 IU demands5.txt","helmets carried"
"247","/Users/cromanpa/MEGAsync/Packages/MacMini/D-Letters_16-20/Data/1968/txt/1969 IU demands5.txt","carried clubes"
"248","/Users/cromanpa/MEGAsync/Packages/MacMini/D-Letters_16-20/Data/1968/txt/1969 IU demands5.txt","walkie talkies"
"249","/Users/cromanpa/MEGAsync/Packages/MacMini/D-Letters_16-20/Data/1968/txt/1969 IU demands5.txt","atomic attack"
"250","/Users/cromanpa/MEGAsync/Packages/MacMini/D-Letters_16-20/Data/1968/txt/1969 IU demands5.txt","signed statements"
"251","/Users/cromanpa/MEGAsync/Packages/MacMini/D-Letters_16-20/Data/1968/txt/1969 IU demands5.txt","blacks remained"
"252","/Users/cromanpa/MEGAsync/Packages/MacMini/D-Letters_16-20/Data/1968/txt/1969 IU demands5.txt","president stahr"
"253","/Users/cromanpa/MEGAsync/Packages/MacMini/D-Letters_16-20/Data/1968/txt/1969 IU demands5.txt","personal responsibility"
"254","/Users/cromanpa/MEGAsync/Packages/MacMini/D-Letters_16-20/Data/1968/txt/1969 IU demands5.txt","considerable reaction"
"255","/Users/cromanpa/MEGAsync/Packages/MacMini/D-Letters_16-20/Data/1968/txt/1969 IU demands6_.txt","traditional policies"
"256","/Users/cromanpa/MEGAsync/Packages/MacMini/D-Letters_16-20/Data/1968/txt/1969 IU demands6_.txt","trustees recognize"
"257","/Users/cromanpa/MEGAsync/Packages/MacMini/D-Letters_16-20/Data/1968/txt/1969 IU demands6_.txt","educational opportunity"
"258","/Users/cromanpa/MEGAsync/Packages/MacMini/D-Letters_16-20/Data/1968/txt/1969 IU demands6_.txt","opportunity academic"
"259","/Users/cromanpa/MEGAsync/Packages/MacMini/D-Letters_16-20/Data/1968/txt/1969 IU demands6_.txt","academic freedom"
"260","/Users/cromanpa/MEGAsync/Packages/MacMini/D-Letters_16-20/Data/1968/txt/1969 IU demands6_.txt","dissent peaceably"
"261","/Users/cromanpa/MEGAsync/Packages/MacMini/D-Letters_16-20/Data/1968/txt/1969 IU demands6_.txt","unauthorized seizure"
"262","/Users/cromanpa/MEGAsync/Packages/MacMini/D-Letters_16-20/Data/1968/txt/1969 IU demands6_.txt","intended purpose"
"263","/Users/cromanpa/MEGAsync/Packages/MacMini/D-Letters_16-20/Data/1968/txt/1969 IU demands6_.txt","intimidation coercion"
"264","/Users/cromanpa/MEGAsync/Packages/MacMini/D-Letters_16-20/Data/1968/txt/1969 IU demands6_.txt","physical restraint"
"265","/Users/cromanpa/MEGAsync/Packages/MacMini/D-Letters_16-20/Data/1968/txt/1969 IU demands6_.txt","academic communities"
"266","/Users/cromanpa/MEGAsync/Packages/MacMini/D-Letters_16-20/Data/1968/txt/1969 IU demands6_.txt","recent weeks"
"267","/Users/cromanpa/MEGAsync/Packages/MacMini/D-Letters_16-20/Data/1968/txt/1969 IU demands6_.txt","firm enforcement"
"268","/Users/cromanpa/MEGAsync/Packages/MacMini/D-Letters_16-20/Data/1968/txt/1969 IU demands6_.txt","rules relating"
"269","/Users/cromanpa/MEGAsync/Packages/MacMini/D-Letters_16-20/Data/1968/txt/1969 IU demands6_.txt","picketing demonstrating"
"270","/Users/cromanpa/MEGAsync/Packages/MacMini/D-Letters_16-20/Data/1968/txt/1969 IU demands6_.txt","related matters"
"271","/Users/cromanpa/MEGAsync/Packages/MacMini/D-Letters_16-20/Data/1968/txt/1969 IU demands6_.txt","established procedures"
"272","/Users/cromanpa/MEGAsync/Packages/MacMini/D-Letters_16-20/Data/1968/txt/1969 IU demands6_.txt","actively engages"
"273","/Users/cromanpa/MEGAsync/Packages/MacMini/D-Letters_16-20/Data/1968/txt/1969 IU demands6_.txt","includes violence"
"274","/Users/cromanpa/MEGAsync/Packages/MacMini/D-Letters_16-20/Data/1968/txt/1969 IU demands6_.txt","discipline including"
"275","/Users/cromanpa/MEGAsync/Packages/MacMini/D-Letters_16-20/Data/1968/txt/1969 IU demands6_.txt","including expulsion"
"276","/Users/cromanpa/MEGAsync/Packages/MacMini/D-Letters_16-20/Data/1968/txt/1969 IU demands6_.txt","established procedures"
"277","/Users/cromanpa/MEGAsync/Packages/MacMini/D-Letters_16-20/Data/1968/txt/1969 IU demands6_.txt","unreasonably interferes"
"278","/Users/cromanpa/MEGAsync/Packages/MacMini/D-Letters_16-20/Data/1968/txt/1969 IU demands6_.txt","unanimously reaffirmed"
"279","/Users/cromanpa/MEGAsync/Packages/MacMini/D-Letters_16-20/Data/1968/txt/1969 IU demands6_.txt","motion duly"
"280","/Users/cromanpa/MEGAsync/Packages/MacMini/D-Letters_16-20/Data/1968/txt/1969 IU demands6.txt","student dissent"
"281","/Users/cromanpa/MEGAsync/Packages/MacMini/D-Letters_16-20/Data/1968/txt/1969 IU demands6.txt","disruption moved"
"282","/Users/cromanpa/MEGAsync/Packages/MacMini/D-Letters_16-20/Data/1968/txt/1969 IU demands6.txt","recent events"
"283","/Users/cromanpa/MEGAsync/Packages/MacMini/D-Letters_16-20/Data/1968/txt/1969 IU demands6.txt","bloomington campus"
"284","/Users/cromanpa/MEGAsync/Packages/MacMini/D-Letters_16-20/Data/1968/txt/1969 IU demands6.txt","campus president"
"285","/Users/cromanpa/MEGAsync/Packages/MacMini/D-Letters_16-20/Data/1968/txt/1969 IU demands6.txt","president stahr"
"286","/Users/cromanpa/MEGAsync/Packages/MacMini/D-Letters_16-20/Data/1968/txt/1969 IU demands6.txt","searching reflection"
"287","/Users/cromanpa/MEGAsync/Packages/MacMini/D-Letters_16-20/Data/1968/txt/1969 IU demands6.txt","academic community"
"288","/Users/cromanpa/MEGAsync/Packages/MacMini/D-Letters_16-20/Data/1968/txt/1969 IU demands6.txt","complete freedom"
"289","/Users/cromanpa/MEGAsync/Packages/MacMini/D-Letters_16-20/Data/1968/txt/1969 IU demands6.txt","physical pressure"
"290","/Users/cromanpa/MEGAsync/Packages/MacMini/D-Letters_16-20/Data/1968/txt/1969 IU demands6.txt","force truth"
"291","/Users/cromanpa/MEGAsync/Packages/MacMini/D-Letters_16-20/Data/1968/txt/1969 IU demands6.txt","reason stripped"
"292","/Users/cromanpa/MEGAsync/Packages/MacMini/D-Letters_16-20/Data/1968/txt/1969 IU demands6.txt","academic freedom"
"293","/Users/cromanpa/MEGAsync/Packages/MacMini/D-Letters_16-20/Data/1968/txt/1969 IU demands6.txt","university's activities"
"294","/Users/cromanpa/MEGAsync/Packages/MacMini/D-Letters_16-20/Data/1968/txt/1969 IU demands6.txt","rational means"
"295","/Users/cromanpa/MEGAsync/Packages/MacMini/D-Letters_16-20/Data/1968/txt/1969 IU demands6.txt","means impairment"
"296","/Users/cromanpa/MEGAsync/Packages/MacMini/D-Letters_16-20/Data/1968/txt/1969 IU demands6.txt","meet reward"
"297","/Users/cromanpa/MEGAsync/Packages/MacMini/D-Letters_16-20/Data/1968/txt/1969 IU demands6.txt","university's campus"
"298","/Users/cromanpa/MEGAsync/Packages/MacMini/D-Letters_16-20/Data/1968/txt/1969 IU demands6.txt","campus free"
"299","/Users/cromanpa/MEGAsync/Packages/MacMini/D-Letters_16-20/Data/1968/txt/1969 IU demands6.txt","free inquiry"
"300","/Users/cromanpa/MEGAsync/Packages/MacMini/D-Letters_16-20/Data/1968/txt/1969 IU demands6.txt","university's functioning"
"301","/Users/cromanpa/MEGAsync/Packages/MacMini/D-Letters_16-20/Data/1968/txt/1969 IU demands6.txt","coercive means"
"302","/Users/cromanpa/MEGAsync/Packages/MacMini/D-Letters_16-20/Data/1968/txt/1969 IU demands6.txt","judge eachbech"
"303","/Users/cromanpa/MEGAsync/Packages/MacMini/D-Letters_16-20/Data/1968/txt/1969 IU demands6.txt","commendable job"
"304","/Users/cromanpa/MEGAsync/Packages/MacMini/D-Letters_16-20/Data/1968/txt/1969 IU demands6.txt","maintaining peace"
"305","/Users/cromanpa/MEGAsync/Packages/MacMini/D-Letters_16-20/Data/1968/txt/1969 IU demands6.txt","campus feeling"
"306","/Users/cromanpa/MEGAsync/Packages/MacMini/D-Letters_16-20/Data/1968/txt/1969 IU demands6.txt","stated policy"
"307","/Users/cromanpa/MEGAsync/Packages/MacMini/D-Letters_16-20/Data/1968/txt/1969 IU demands6.txt","noon recess"
"308","/Users/cromanpa/MEGAsync/Packages/MacMini/D-Letters_16-20/Data/1968/txt/1969 IU demands6.txt","judge eachbech"
"309","/Users/cromanpa/MEGAsync/Packages/MacMini/D-Letters_16-20/Data/1968/txt/1969 IU demands6.txt","final form"
"310","/Users/cromanpa/MEGAsync/Packages/MacMini/D-Letters_16-20/Data/1968/txt/1969 IU demands6.txt","standing commitment"
"311","/Users/cromanpa/MEGAsync/Packages/MacMini/D-Letters_16-20/Data/1968/txt/1969 IU demands6.txt","providing maximum"
"312","/Users/cromanpa/MEGAsync/Packages/MacMini/D-Letters_16-20/Data/1968/txt/1969 IU demands6.txt","maximum educational"
"313","/Users/cromanpa/MEGAsync/Packages/MacMini/D-Letters_16-20/Data/1968/txt/1969 IU demands6.txt","educational opportunity"
"314","/Users/cromanpa/MEGAsync/Packages/MacMini/D-Letters_16-20/Data/1968/txt/1969 IU demands6.txt","maintain genuine"
"315","/Users/cromanpa/MEGAsync/Packages/MacMini/D-Letters_16-20/Data/1968/txt/1969 IU demands6.txt","genuine academic"
"316","/Users/cromanpa/MEGAsync/Packages/MacMini/D-Letters_16-20/Data/1968/txt/1969 IU demands6.txt","academic freedom"
"317","/Users/cromanpa/MEGAsync/Packages/MacMini/D-Letters_16-20/Data/1968/txt/1969 IU demands6.txt","question debate"
"318","/Users/cromanpa/MEGAsync/Packages/MacMini/D-Letters_16-20/Data/1968/txt/1969 IU demands6.txt","debate criticism"
"319","/Users/cromanpa/MEGAsync/Packages/MacMini/D-Letters_16-20/Data/1968/txt/1969 IU demands6.txt","dissent peaceably"
